<?xml version="1.0" encoding="UTF-8"?>
<suppressions xmlns="https://jeremylong.github.io/DependencyCheck/dependency-suppression.1.3.xsd">
	<suppress>
	   <notes><![CDATA[
	   file name: jackson-core-2.10.2.jar
	   ]]></notes>
	   <sha1>73d4322a6bda684f676a2b5fe918361c4e5c7cca</sha1>
	   <cpe>cpe:/a:fasterxml:jackson-modules-java8</cpe>
	</suppress>
	<suppress>
	   <notes><![CDATA[
	   file name: jakarta.annotation-api-1.3.5.jar
	   ]]></notes>
	   <sha1>59eb84ee0d616332ff44aba065f3888cf002cd2d</sha1>
	   <cpe>cpe:/a:oracle:projects</cpe>
	</suppress>
	<suppress>
        <notes><![CDATA[
        This suppresses all CVE entries that have a score below CVSS 7.
        ]]></notes>
        <cvssBelow>7</cvssBelow>
    </suppress>	
</suppressions>